Size,Insert Time (s),Delete Time (s),Search Time (s)
100,2.28e-05,1e-05,9.4e-06
1000,0.0001793,8.95e-05,0.0001182
10000,0.0022489,0.0009147,0.0012789
100000,0.0450935,0.0079083,0.0124356
1000000,1.30856,0.0982929,0.259442
