Size,Insert Time (s),Delete Time (s),Search Time (s)
100,1.0446e-05,7.705e-06,1.0522e-05
1000,9.2845e-05,3.3249e-05,0.000104493
10000,0.000904347,0.00037011,0.0011266
100000,0.0105109,0.0033293,0.0146104
1000000,0.12895,0.0444803,0.242357
